SET NAMES utf8mb4;
SET FOREIGN_KEY_CHECKS = 0;

-- ----------------------------
-- Table structure for t_db_instance
-- ----------------------------
DROP TABLE IF EXISTS `t_db_instance`;
CREATE TABLE `t_db_instance` (
    `id` bigint(20) unsigned NOT NULL AUTO_INCREMENT,
    `name` varchar(32) COLLATE utf8mb4_bin DEFAULT NULL COMMENT '数据库实例名称',
    `host` varchar(100) COLLATE utf8mb4_bin NOT NULL,
    `port` int(8) NOT NULL,
    `username` varchar(255) COLLATE utf8mb4_bin NOT NULL,
    `password` varchar(255) COLLATE utf8mb4_bin DEFAULT NULL,
    `type` varchar(20) COLLATE utf8mb4_bin NOT NULL COMMENT '数据库实例类型(mysql...)',
    `params` varchar(125) COLLATE utf8mb4_bin DEFAULT NULL COMMENT '其他连接参数',
    `network` varchar(20) COLLATE utf8mb4_bin DEFAULT NULL,
    `ssh_tunnel_machine_id` bigint(20) DEFAULT NULL COMMENT 'ssh隧道的机器id',
    `remark` varchar(125) COLLATE utf8mb4_bin DEFAULT NULL COMMENT '备注，描述等',
    `create_time` datetime DEFAULT NULL,
    `creator_id` bigint(20) DEFAULT NULL,
    `creator` varchar(32) COLLATE utf8mb4_bin DEFAULT NULL,
    `update_time` datetime DEFAULT NULL,
    `modifier_id` bigint(20) DEFAULT NULL,
    `modifier` varchar(32) COLLATE utf8mb4_bin DEFAULT NULL,
    `is_deleted` tinyint(8) NOT NULL DEFAULT '0',
    `delete_time` datetime DEFAULT NULL,
    PRIMARY KEY (`id`)
) ENGINE=InnoDB AUTO_INCREMENT=1 DEFAULT CHARSET=utf8mb4 COLLATE=utf8mb4_bin COMMENT='数据库实例信息表';

-- ----------------------------
-- Records of t_db_instance
-- ----------------------------
BEGIN;
COMMIT;

-- ----------------------------
-- Table structure for t_db
-- ----------------------------
DROP TABLE IF EXISTS `t_db`;
CREATE TABLE `t_db` (
    `id` bigint(20) unsigned NOT NULL AUTO_INCREMENT,
    `name` varchar(32) COLLATE utf8mb4_bin DEFAULT NULL COMMENT '数据库实例名称',
    `database` varchar(1000) COLLATE utf8mb4_bin DEFAULT NULL COMMENT '数据库,空格分割多个数据库',
    `remark` varchar(125) COLLATE utf8mb4_bin DEFAULT NULL COMMENT '备注，描述等',
    `tag_id` bigint(20) DEFAULT NULL COMMENT '标签id',
    `tag_path` varchar(255) COLLATE utf8mb4_bin DEFAULT NULL COMMENT '标签路径',
    `instance_id` bigint(20) NOT NULL COMMENT '数据库实例 ID',
    `create_time` datetime DEFAULT NULL,
    `creator_id` bigint(20) DEFAULT NULL,
    `creator` varchar(32) COLLATE utf8mb4_bin DEFAULT NULL,
    `update_time` datetime DEFAULT NULL,
    `modifier_id` bigint(20) DEFAULT NULL,
    `modifier` varchar(32) COLLATE utf8mb4_bin DEFAULT NULL,
    `is_deleted` tinyint(8) NOT NULL DEFAULT '0',
    `delete_time` datetime DEFAULT NULL,
    PRIMARY KEY (`id`)
) ENGINE=InnoDB AUTO_INCREMENT=1 DEFAULT CHARSET=utf8mb4 COLLATE=utf8mb4_bin COMMENT='数据库资源信息表';

-- ----------------------------
-- Records of t_db
-- ----------------------------
BEGIN;
COMMIT;

-- ----------------------------
-- Table structure for t_db_sql
-- ----------------------------
DROP TABLE IF EXISTS `t_db_sql`;
CREATE TABLE `t_db_sql` (
  `id` bigint(20) NOT NULL AUTO_INCREMENT,
  `db_id` bigint(20) NOT NULL COMMENT '数据库实例id',
  `db` varchar(125) NOT NULL COMMENT '数据库',
  `name` varchar(60) DEFAULT NULL COMMENT 'sql模板名',
  `sql` text CHARACTER SET utf8mb4 COLLATE utf8mb4_bin,
  `type` tinyint(8) NOT NULL,
  `creator_id` bigint(20) NOT NULL,
  `creator` varchar(32) DEFAULT NULL,
  `create_time` datetime NOT NULL,
  `update_time` datetime NOT NULL,
  `modifier_id` bigint(20) DEFAULT NULL,
  `modifier` varchar(255) DEFAULT NULL,
  `is_deleted` tinyint(8) NOT NULL DEFAULT 0,
  `delete_time` datetime DEFAULT NULL,
  PRIMARY KEY (`id`)
) ENGINE=InnoDB AUTO_INCREMENT=3 DEFAULT CHARSET=utf8mb4 COLLATE=utf8mb4_bin COMMENT='数据库sql信息';

-- ----------------------------
-- Records of t_db_sql
-- ----------------------------
BEGIN;
COMMIT;

-- ----------------------------
-- Table structure for t_db_sql_exec
-- ----------------------------
DROP TABLE IF EXISTS `t_db_sql_exec`;
CREATE TABLE `t_db_sql_exec` (
  `id` bigint(20) unsigned NOT NULL AUTO_INCREMENT,
  `db_id` bigint(20) NOT NULL COMMENT '数据库id',
  `db` varchar(128) NOT NULL COMMENT '数据库',
  `table` varchar(128) NOT NULL COMMENT '表名',
  `type` varchar(255) NOT NULL COMMENT 'sql类型',
  `sql` varchar(5000) NOT NULL COMMENT '执行sql',
  `old_value` varchar(5000) DEFAULT NULL COMMENT '操作前旧值',
  `remark` varchar(128) DEFAULT NULL COMMENT '备注',
  `create_time` datetime NOT NULL,
  `creator` varchar(36) NOT NULL,
  `creator_id` bigint(20) NOT NULL,
  `update_time` datetime NOT NULL,
  `modifier` varchar(36) NOT NULL,
  `modifier_id` bigint(20) NOT NULL,
  `is_deleted` tinyint(8) NOT NULL DEFAULT 0,
  `delete_time` datetime DEFAULT NULL,
  PRIMARY KEY (`id`)
) ENGINE=InnoDB DEFAULT CHARSET=utf8mb4 COLLATE=utf8mb4_bin COMMENT='数据库sql执行记录表';

-- ----------------------------
-- Records of t_db_sql_exec
-- ----------------------------
BEGIN;
COMMIT;

DROP TABLE IF EXISTS `t_auth_cert`;
CREATE TABLE `t_auth_cert` (
  `id` bigint unsigned NOT NULL AUTO_INCREMENT,
  `name` varchar(32) DEFAULT NULL,
  `auth_method` tinyint NOT NULL COMMENT '1.密码 2.秘钥',
  `password` varchar(4200) DEFAULT NULL COMMENT '密码or私钥',
  `passphrase` varchar(32) DEFAULT NULL COMMENT '私钥口令',
  `remark` varchar(255) DEFAULT NULL,
  `create_time` datetime NOT NULL,
  `creator` varchar(16) NOT NULL,
  `creator_id` bigint NOT NULL,
  `update_time` datetime NOT NULL,
  `modifier` varchar(12) NOT NULL,
  `modifier_id` bigint NOT NULL,
  `is_deleted` tinyint(8) NOT NULL DEFAULT 0,
  `delete_time` datetime DEFAULT NULL,
  PRIMARY KEY (`id`)
) ENGINE=InnoDB AUTO_INCREMENT=1 DEFAULT CHARSET=utf8mb4 COLLATE=utf8mb4_bin COMMENT='授权凭证';

-- ----------------------------
-- Table structure for t_machine
-- ----------------------------
DROP TABLE IF EXISTS `t_machine`;
CREATE TABLE `t_machine` (
  `id` bigint(20) unsigned NOT NULL AUTO_INCREMENT,
  `name` varchar(32) DEFAULT NULL,
  `ip` varchar(50) NOT NULL,
  `port` int(12) NOT NULL,
  `username` varchar(12) NOT NULL,
  `auth_method` tinyint(2) DEFAULT NULL COMMENT '1.密码登录2.publickey登录',
  `password` varchar(100) DEFAULT NULL,
  `auth_cert_id` bigint(20) DEFAULT NULL COMMENT '授权凭证id',
  `ssh_tunnel_machine_id` bigint(20) DEFAULT NULL COMMENT 'ssh隧道的机器id',
  `enable_recorder` tinyint(2) DEFAULT NULL COMMENT '是否启用终端回放记录',
  `status` tinyint(2) NOT NULL COMMENT '状态: 1:启用; -1:禁用',
  `remark` varchar(255) DEFAULT NULL,
  `tag_id` bigint(20) DEFAULT NULL COMMENT '标签id',
  `tag_path` varchar(255) DEFAULT NULL COMMENT '标签路径',
  `need_monitor` tinyint(2) DEFAULT NULL,
  `create_time` datetime NOT NULL,
  `creator` varchar(16) DEFAULT NULL,
  `creator_id` bigint(32) DEFAULT NULL,
  `update_time` datetime NOT NULL,
  `modifier` varchar(12) DEFAULT NULL,
  `modifier_id` bigint(32) DEFAULT NULL,
  `is_deleted` tinyint(8) NOT NULL DEFAULT 0,
  `delete_time` datetime DEFAULT NULL,
  PRIMARY KEY (`id`),
  KEY `idx_path` (`tag_path`) USING BTREE
) ENGINE=InnoDB AUTO_INCREMENT=10 DEFAULT CHARSET=utf8mb4 COLLATE=utf8mb4_bin COMMENT='机器信息';

-- ----------------------------
-- Records of t_machine
-- ----------------------------
BEGIN;
COMMIT;

-- ----------------------------
-- Table structure for t_machine_file
-- ----------------------------
DROP TABLE IF EXISTS `t_machine_file`;
CREATE TABLE `t_machine_file` (
  `id` bigint(20) unsigned NOT NULL AUTO_INCREMENT COMMENT '机器文件配置（linux一切皆文件，故也可以表示目录）',
  `machine_id` bigint(20) NOT NULL,
  `name` varchar(45) NOT NULL,
  `path` varchar(45) NOT NULL,
  `type` varchar(45) NOT NULL COMMENT '1：目录；2：文件',
  `creator_id` bigint(20) unsigned DEFAULT NULL,
  `creator` varchar(45) DEFAULT NULL,
  `modifier_id` bigint(20) unsigned DEFAULT NULL,
  `modifier` varchar(45) DEFAULT NULL,
  `create_time` datetime NOT NULL,
  `update_time` datetime DEFAULT NULL,
  `is_deleted` tinyint(8) NOT NULL DEFAULT 0,
  `delete_time` datetime DEFAULT NULL,
  PRIMARY KEY (`id`)
) ENGINE=InnoDB AUTO_INCREMENT=39 DEFAULT CHARSET=utf8mb4 COLLATE=utf8mb4_bin COMMENT='机器文件';

-- ----------------------------
-- Records of t_machine_file
-- ----------------------------
BEGIN;
COMMIT;

-- ----------------------------
-- Table structure for t_machine_monitor
-- ----------------------------
DROP TABLE IF EXISTS `t_machine_monitor`;
CREATE TABLE `t_machine_monitor` (
  `id` bigint(20) unsigned NOT NULL AUTO_INCREMENT,
  `machine_id` bigint(20) unsigned NOT NULL COMMENT '机器id',
  `cpu_rate` float(255,2) DEFAULT NULL,
  `mem_rate` float(255,2) DEFAULT NULL,
  `sys_load` varchar(32) DEFAULT NULL,
  `create_time` datetime NOT NULL,
  `is_deleted` tinyint(8) NOT NULL DEFAULT 0,
  `delete_time` datetime DEFAULT NULL,
  PRIMARY KEY (`id`)
) ENGINE=InnoDB DEFAULT CHARSET=utf8mb4 COLLATE=utf8mb4_bin;

-- ----------------------------
-- Records of t_machine_monitor
-- ----------------------------
BEGIN;
COMMIT;

-- ----------------------------
-- Table structure for t_machine_script
-- ----------------------------
DROP TABLE IF EXISTS `t_machine_script`;
CREATE TABLE `t_machine_script` (
  `id` bigint(64) unsigned NOT NULL AUTO_INCREMENT,
  `name` varchar(255) NOT NULL COMMENT '脚本名',
  `machine_id` bigint(64) NOT NULL COMMENT '机器id[0:公共]',
  `script` text COMMENT '脚本内容',
  `params` varchar(512) DEFAULT NULL COMMENT '脚本入参',
  `description` varchar(255) DEFAULT NULL COMMENT '脚本描述',
  `type` tinyint(8) DEFAULT NULL COMMENT '脚本类型[1: 有结果；2：无结果；3：实时交互]',
  `creator_id` bigint(20) DEFAULT NULL,
  `creator` varchar(32) DEFAULT NULL,
  `modifier_id` bigint(20) DEFAULT NULL,
  `modifier` varchar(255) DEFAULT NULL,
  `create_time` datetime DEFAULT NULL,
  `update_time` datetime DEFAULT NULL,
  `is_deleted` tinyint(8) NOT NULL DEFAULT 0,
  `delete_time` datetime DEFAULT NULL,
  PRIMARY KEY (`id`)
) ENGINE=InnoDB AUTO_INCREMENT=27 DEFAULT CHARSET=utf8mb4 COLLATE=utf8mb4_bin COMMENT='机器脚本';

-- ----------------------------
-- Records of t_machine_script
-- ----------------------------
BEGIN;
INSERT INTO `t_machine_script` VALUES (1, 'sys_info', 9999999, '# 获取系统cpu信息\nfunction get_cpu_info() {\n  Physical_CPUs=$(grep \"physical id\" /proc/cpuinfo | sort | uniq | wc -l)\n  Virt_CPUs=$(grep \"processor\" /proc/cpuinfo | wc -l)\n  CPU_Kernels=$(grep \"cores\" /proc/cpuinfo | uniq | awk -F \': \' \'{print $2}\')\n  CPU_Type=$(grep \"model name\" /proc/cpuinfo | awk -F \': \' \'{print $2}\' | sort | uniq)\n  CPU_Arch=$(uname -m)\n  echo -e \'\\n-------------------------- CPU信息 --------------------------\'\n  cat <<EOF | column -t\n物理CPU个数: $Physical_CPUs\n逻辑CPU个数: $Virt_CPUs\n每CPU核心数: $CPU_Kernels\nCPU型号: $CPU_Type\nCPU架构: $CPU_Arch\nEOF\n}\n\n# 获取系统信息\nfunction get_systatus_info() {\n  sys_os=$(uname -o)\n  sys_release=$(cat /etc/redhat-release)\n  sys_kernel=$(uname -r)\n  sys_hostname=$(hostname)\n  sys_selinux=$(getenforce)\n  sys_lang=$(echo $LANG)\n  sys_lastreboot=$(who -b | awk \'{print $3,$4}\')\n  echo -e \'-------------------------- 系统信息 --------------------------\'\n  cat <<EOF | column -t\n系统: ${sys_os}\n发行版本:   ${sys_release}\n系统内核:   ${sys_kernel}\n主机名:    ${sys_hostname}\nselinux状态:  ${sys_selinux}\n系统语言:   ${sys_lang}\n系统最后重启时间:   ${sys_lastreboot}\nEOF\n}\n\nget_systatus_info\n#echo -e \"\\n\"\nget_cpu_info', NULL, '获取系统信息', 1, NULL, NULL, NULL, NULL, NULL, NULL, 0, NULL);
INSERT INTO `t_machine_script` VALUES (2, 'get_process_by_name', 9999999, '#! /bin/bash\n# Function: 根据输入的程序的名字过滤出所对应的PID，并显示出详细信息，如果有几个PID，则全部显示\nNAME={{.processName}}\nN=`ps -aux | grep $NAME | grep -v grep | wc -l`    ##统计进程总数\nif [ $N -le 0 ];then\n  echo \"无该进程！\"\nfi\ni=1\nwhile [ $N -gt 0 ]\ndo\n  echo \"进程PID: `ps -aux | grep $NAME | grep -v grep | awk \'NR==\'$i\'{print $0}\'| awk \'{print $2}\'`\"\n  echo \"进程命令：`ps -aux | grep $NAME | grep -v grep | awk \'NR==\'$i\'{print $0}\'| awk \'{print $11}\'`\"\n  echo \"进程所属用户: `ps -aux | grep $NAME | grep -v grep | awk \'NR==\'$i\'{print $0}\'| awk \'{print $1}\'`\"\n  echo \"CPU占用率：`ps -aux | grep $NAME | grep -v grep | awk \'NR==\'$i\'{print $0}\'| awk \'{print $3}\'`%\"\n  echo \"内存占用率：`ps -aux | grep $NAME | grep -v grep | awk \'NR==\'$i\'{print $0}\'| awk \'{print $4}\'`%\"\n  echo \"进程开始运行的时刻：`ps -aux | grep $NAME | grep -v grep | awk \'NR==\'$i\'{print $0}\'| awk \'{print $9}\'`\"\n  echo \"进程运行的时间：`  ps -aux | grep $NAME | grep -v grep | awk \'NR==\'$i\'{print $0}\'| awk \'{print $11}\'`\"\n  echo \"进程状态：`ps -aux | grep $NAME | grep -v grep | awk \'NR==\'$i\'{print $0}\'| awk \'{print $8}\'`\"\n  echo \"进程虚拟内存：`ps -aux | grep $NAME | grep -v grep | awk \'NR==\'$i\'{print $0}\'| awk \'{print $5}\'`\"\n  echo \"进程共享内存：`ps -aux | grep $NAME | grep -v grep | awk \'NR==\'$i\'{print $0}\'| awk \'{print $6}\'`\"\n  echo \"***************************************************************\"\n  let N-- i++\ndone', '[{\"name\": \"进程名\",\"model\": \"processName\", \"placeholder\": \"请输入进程名\"}]', '获取进程运行状态', 1, NULL, NULL, 1, 'admin', NULL, '2021-07-12 15:33:41', 0, NULL);
INSERT INTO `t_machine_script` VALUES (3, 'sys_run_info', 9999999, '#!/bin/bash\n# 获取要监控的本地服务器IP地址\nIP=`ifconfig | grep inet | grep -vE \'inet6|127.0.0.1\' | awk \'{print $2}\'`\necho \"IP地址：\"$IP\n \n# 获取cpu总核数\ncpu_num=`grep -c \"model name\" /proc/cpuinfo`\necho \"cpu总核数：\"$cpu_num\n \n# 1、获取CPU利用率\n################################################\n#us 用户空间占用CPU百分比\n#sy 内核空间占用CPU百分比\n#ni 用户进程空间内改变过优先级的进程占用CPU百分比\n#id 空闲CPU百分比\n#wa 等待输入输出的CPU时间百分比\n#hi 硬件中断\n#si 软件中断\n#################################################\n# 获取用户空间占用CPU百分比\ncpu_user=`top -b -n 1 | grep Cpu | awk \'{print $2}\' | cut -f 1 -d \"%\"`\necho \"用户空间占用CPU百分比：\"$cpu_user\n \n# 获取内核空间占用CPU百分比\ncpu_system=`top -b -n 1 | grep Cpu | awk \'{print $4}\' | cut -f 1 -d \"%\"`\necho \"内核空间占用CPU百分比：\"$cpu_system\n \n# 获取空闲CPU百分比\ncpu_idle=`top -b -n 1 | grep Cpu | awk \'{print $8}\' | cut -f 1 -d \"%\"`\necho \"空闲CPU百分比：\"$cpu_idle\n \n# 获取等待输入输出占CPU百分比\ncpu_iowait=`top -b -n 1 | grep Cpu | awk \'{print $10}\' | cut -f 1 -d \"%\"`\necho \"等待输入输出占CPU百分比：\"$cpu_iowait\n \n#2、获取CPU上下文切换和中断次数\n# 获取CPU中断次数\ncpu_interrupt=`vmstat -n 1 1 | sed -n 3p | awk \'{print $11}\'`\necho \"CPU中断次数：\"$cpu_interrupt\n \n# 获取CPU上下文切换次数\ncpu_context_switch=`vmstat -n 1 1 | sed -n 3p | awk \'{print $12}\'`\necho \"CPU上下文切换次数：\"$cpu_context_switch\n \n#3、获取CPU负载信息\n# 获取CPU15分钟前到现在的负载平均值\ncpu_load_15min=`uptime | awk \'{print $11}\' | cut -f 1 -d \',\'`\necho \"CPU 15分钟前到现在的负载平均值：\"$cpu_load_15min\n \n# 获取CPU5分钟前到现在的负载平均值\ncpu_load_5min=`uptime | awk \'{print $10}\' | cut -f 1 -d \',\'`\necho \"CPU 5分钟前到现在的负载平均值：\"$cpu_load_5min\n \n# 获取CPU1分钟前到现在的负载平均值\ncpu_load_1min=`uptime | awk \'{print $9}\' | cut -f 1 -d \',\'`\necho \"CPU 1分钟前到现在的负载平均值：\"$cpu_load_1min\n \n# 获取任务队列(就绪状态等待的进程数)\ncpu_task_length=`vmstat -n 1 1 | sed -n 3p | awk \'{print $1}\'`\necho \"CPU任务队列长度：\"$cpu_task_length\n \n#4、获取内存信息\n# 获取物理内存总量\nmem_total=`free -h | grep Mem | awk \'{print $2}\'`\necho \"物理内存总量：\"$mem_total\n \n# 获取操作系统已使用内存总量\nmem_sys_used=`free -h | grep Mem | awk \'{print $3}\'`\necho \"已使用内存总量(操作系统)：\"$mem_sys_used\n \n# 获取操作系统未使用内存总量\nmem_sys_free=`free -h | grep Mem | awk \'{print $4}\'`\necho \"剩余内存总量(操作系统)：\"$mem_sys_free\n \n# 获取应用程序已使用的内存总量\nmem_user_used=`free | sed -n 3p | awk \'{print $3}\'`\necho \"已使用内存总量(应用程序)：\"$mem_user_used\n \n# 获取应用程序未使用内存总量\nmem_user_free=`free | sed -n 3p | awk \'{print $4}\'`\necho \"剩余内存总量(应用程序)：\"$mem_user_free\n \n# 获取交换分区总大小\nmem_swap_total=`free | grep Swap | awk \'{print $2}\'`\necho \"交换分区总大小：\"$mem_swap_total\n \n# 获取已使用交换分区大小\nmem_swap_used=`free | grep Swap | awk \'{print $3}\'`\necho \"已使用交换分区大小：\"$mem_swap_used\n \n# 获取剩余交换分区大小\nmem_swap_free=`free | grep Swap | awk \'{print $4}\'`\necho \"剩余交换分区大小：\"$mem_swap_free', NULL, '获取cpu、内存等系统运行状态', 1, NULL, NULL, NULL, NULL, NULL, '2021-04-25 15:07:16', 0, NULL);
INSERT INTO `t_machine_script` VALUES (4, 'top', 9999999, 'top', NULL, '实时获取系统运行状态', 3, NULL, NULL, 1, 'admin', NULL, '2021-05-24 15:58:20', 0, NULL);
INSERT INTO `t_machine_script` VALUES (18, 'disk-mem', 9999999, 'df -h', '', '磁盘空间查看', 1, 1, 'admin', 1, 'admin', '2021-07-16 10:49:53', '2021-07-16 10:49:53', 0, NULL);
COMMIT;

DROP TABLE IF EXISTS `t_machine_cron_job`;
CREATE TABLE `t_machine_cron_job` (
  `id` bigint unsigned NOT NULL AUTO_INCREMENT,
  `key` varchar(32) NOT NULL COMMENT 'key',
  `name` varchar(255) NOT NULL COMMENT '名称',
  `cron` varchar(255) NOT NULL COMMENT 'cron表达式',
  `script` text COMMENT '脚本内容',
  `remark` varchar(255) DEFAULT NULL COMMENT '备注',
  `status` tinyint DEFAULT NULL COMMENT '状态',
  `save_exec_res_type` tinyint DEFAULT NULL COMMENT '保存执行记录类型',
  `last_exec_time` datetime DEFAULT NULL COMMENT '最后执行时间',
  `creator_id` bigint DEFAULT NULL,
  `creator` varchar(32) DEFAULT NULL,
  `modifier_id` bigint DEFAULT NULL,
  `modifier` varchar(255) DEFAULT NULL,
  `create_time` datetime DEFAULT NULL,
  `update_time` datetime DEFAULT NULL,
  `is_deleted` tinyint NOT NULL DEFAULT 0,
  `delete_time` datetime DEFAULT NULL,
  PRIMARY KEY (`id`)
) ENGINE=InnoDB AUTO_INCREMENT=1 DEFAULT CHARSET=utf8mb4 COLLATE=utf8mb4_bin COMMENT='机器计划任务';

DROP TABLE IF EXISTS `t_machine_cron_job_exec`;
CREATE TABLE `t_machine_cron_job_exec` (
  `id` bigint unsigned NOT NULL AUTO_INCREMENT,
  `cron_job_id` bigint DEFAULT NULL,
  `machine_id` bigint DEFAULT NULL,
  `status` tinyint DEFAULT NULL COMMENT '状态',
  `res` varchar(1000) DEFAULT NULL COMMENT '执行结果',
  `exec_time` datetime DEFAULT NULL COMMENT '执行时间',
  `is_deleted` tinyint NOT NULL DEFAULT 0,
  `delete_time` datetime DEFAULT NULL,
  PRIMARY KEY (`id`)
) ENGINE=InnoDB AUTO_INCREMENT=1 DEFAULT CHARSET=utf8mb4 COLLATE=utf8mb4_bin COMMENT='机器计划任务执行记录';

DROP TABLE IF EXISTS `t_machine_cron_job_relate`;
CREATE TABLE `t_machine_cron_job_relate` (
  `id` bigint unsigned NOT NULL AUTO_INCREMENT,
  `cron_job_id` bigint DEFAULT NULL,
  `machine_id` bigint DEFAULT NULL,
  `creator_id` bigint DEFAULT NULL,
  `creator` varchar(32) DEFAULT NULL,
  `create_time` datetime DEFAULT NULL,
  `is_deleted` tinyint NOT NULL DEFAULT 0,
  `delete_time` datetime DEFAULT NULL,
  PRIMARY KEY (`id`)
) ENGINE=InnoDB AUTO_INCREMENT=1 DEFAULT CHARSET=utf8mb4 COLLATE=utf8mb4_bin COMMENT='机器计划任务关联表';

-- ----------------------------
-- Table structure for t_mongo
-- ----------------------------
DROP TABLE IF EXISTS `t_mongo`;
CREATE TABLE `t_mongo` (
  `id` bigint(20) unsigned NOT NULL AUTO_INCREMENT,
  `name` varchar(36) NOT NULL COMMENT '名称',
  `uri` varchar(255) NOT NULL COMMENT '连接uri',
  `ssh_tunnel_machine_id` bigint(20) DEFAULT NULL COMMENT 'ssh隧道的机器id',
  `tag_id` bigint(20) DEFAULT NULL COMMENT '标签id',
  `tag_path` varchar(255) DEFAULT NULL COMMENT '标签路径',
  `create_time` datetime NOT NULL,
  `creator_id` bigint(20) DEFAULT NULL,
  `creator` varchar(36) DEFAULT NULL,
  `update_time` datetime DEFAULT NULL,
  `modifier_id` bigint(20) DEFAULT NULL,
  `modifier` varchar(36) DEFAULT NULL,
  `is_deleted` tinyint(8) NOT NULL DEFAULT 0,
  `delete_time` datetime DEFAULT NULL,
  PRIMARY KEY (`id`)
) ENGINE=InnoDB AUTO_INCREMENT=3 DEFAULT CHARSET=utf8mb4 COLLATE=utf8mb4_bin;

-- ----------------------------
-- Records of t_mongo
-- ----------------------------
BEGIN;
COMMIT;

-- ----------------------------
-- Table structure for t_redis
-- ----------------------------
DROP TABLE IF EXISTS `t_redis`;
CREATE TABLE `t_redis` (
  `id` bigint(20) unsigned NOT NULL AUTO_INCREMENT,
  `name` varchar(255) DEFAULT NULL COMMENT '名称',
  `host` varchar(255) NOT NULL,
  `username` varchar(32) DEFAULT NULL COMMENT '用户名',
  `password` varchar(100) DEFAULT NULL,
  `db` varchar(64)  DEFAULT NULL COMMENT '库号: 多个库用,分割',
  `mode` varchar(32) DEFAULT NULL,
  `ssh_tunnel_machine_id` bigint(20) DEFAULT NULL COMMENT 'ssh隧道的机器id',
  `remark` varchar(125) DEFAULT NULL,
  `tag_id` bigint(20) DEFAULT NULL COMMENT '标签id',
  `tag_path` varchar(255) DEFAULT NULL COMMENT '标签路径',
  `creator` varchar(32) DEFAULT NULL,
  `creator_id` bigint(32) DEFAULT NULL,
  `create_time` datetime DEFAULT NULL,
  `modifier` varchar(32) DEFAULT NULL,
  `modifier_id` bigint(20) DEFAULT NULL,
  `update_time` datetime DEFAULT NULL,
  `is_deleted` tinyint(8) NOT NULL DEFAULT 0,
  `delete_time` datetime DEFAULT NULL,
  PRIMARY KEY (`id`),
  KEY `idx_tag_path` (`tag_path`)
) ENGINE=InnoDB AUTO_INCREMENT=7 DEFAULT CHARSET=utf8mb4 COLLATE=utf8mb4_bin COMMENT='redis信息';

-- ----------------------------
-- Records of t_redis
-- ----------------------------
BEGIN;
COMMIT;

DROP TABLE IF EXISTS `t_oauth2_account`;
CREATE TABLE `t_oauth2_account` (
  `id` bigint unsigned NOT NULL AUTO_INCREMENT,
  `account_id` bigint NOT NULL,
  `identity` varchar(64) DEFAULT NULL,
  `create_time` datetime NOT NULL,
  `update_time` datetime NOT NULL,
  `is_deleted` tinyint DEFAULT 0,
  `delete_time` datetime DEFAULT NULL,
  PRIMARY KEY (`id`)
) ENGINE=InnoDB AUTO_INCREMENT=1 DEFAULT CHARSET=utf8mb4 COLLATE=utf8mb4_bin COMMENT='oauth2关联账号';

-- ----------------------------
-- Table structure for t_sys_account
-- ----------------------------
DROP TABLE IF EXISTS `t_sys_account`;
CREATE TABLE `t_sys_account` (
  `id` bigint(20) unsigned NOT NULL AUTO_INCREMENT,
  `name` varchar(30) NOT NULL,
  `username` varchar(30) NOT NULL,
  `password` varchar(64) NOT NULL,
  `status` tinyint(4) DEFAULT NULL,
  `otp_secret` varchar(100) DEFAULT NULL COMMENT 'otp秘钥',
  `last_login_time` datetime DEFAULT NULL COMMENT '最后登录时间',
  `last_login_ip` varchar(50) DEFAULT NULL,
  `create_time` datetime NOT NULL,
  `creator_id` bigint(255) NOT NULL,
  `creator` varchar(12) NOT NULL,
  `update_time` datetime NOT NULL,
  `modifier_id` bigint(255) NOT NULL,
  `modifier` varchar(12) NOT NULL,
  `is_deleted` tinyint(8) NOT NULL DEFAULT 0,
  `delete_time` datetime DEFAULT NULL,
  PRIMARY KEY (`id`)
) ENGINE=InnoDB AUTO_INCREMENT=11 DEFAULT CHARSET=utf8mb4 COLLATE=utf8mb4_bin COMMENT='账号信息表';

-- ----------------------------
-- Records of t_sys_account
-- ----------------------------
BEGIN;
INSERT INTO `t_sys_account` VALUES (1, "管理员", 'admin', '$2a$10$w3Wky2U.tinvR7c/s0aKPuwZsIu6pM1/DMJalwBDMbE6niHIxVrrm', 1, '', '2022-10-26 20:03:48', '::1', '2020-01-01 19:00:00', 1, 'admin', '2020-01-01 19:00:00', 1, 'admin', 0, NULL);
COMMIT;

-- ----------------------------
-- Table structure for t_sys_account_role
-- ----------------------------
DROP TABLE IF EXISTS `t_sys_account_role`;
CREATE TABLE `t_sys_account_role` (
  `id` bigint(20) unsigned NOT NULL AUTO_INCREMENT COMMENT 'Id',
  `account_id` bigint(20) NOT NULL COMMENT '账号id',
  `role_id` bigint(20) NOT NULL COMMENT '角色id',
  `creator` varchar(45) DEFAULT NULL,
  `creator_id` bigint(20) unsigned DEFAULT NULL,
  `create_time` datetime NOT NULL,
  `is_deleted` tinyint(8) NOT NULL DEFAULT 0,
  `delete_time` datetime DEFAULT NULL,
  PRIMARY KEY (`id`)
) ENGINE=InnoDB AUTO_INCREMENT=43 DEFAULT CHARSET=utf8mb4 COLLATE=utf8mb4_bin COMMENT='账号角色关联表';

-- ----------------------------
-- Records of t_sys_account_role
-- ----------------------------
BEGIN;
COMMIT;

-- ----------------------------
-- Table structure for t_sys_config
-- ----------------------------
DROP TABLE IF EXISTS `t_sys_config`;
CREATE TABLE `t_sys_config` (
  `id` bigint(20) unsigned NOT NULL AUTO_INCREMENT,
  `name` varchar(60) NOT NULL COMMENT '配置名',
  `key` varchar(120) NOT NULL COMMENT '配置key',
  `params` varchar(1500) DEFAULT NULL,
  `value` varchar(1500) DEFAULT NULL COMMENT '配置value',
  `remark` varchar(255) DEFAULT NULL COMMENT '备注',
  `permission` varchar(255) DEFAULT 'all' COMMENT '操作权限',
  `create_time` datetime NOT NULL,
  `creator_id` bigint(20) NOT NULL,
  `creator` varchar(36) NOT NULL,
  `update_time` datetime NOT NULL,
  `modifier_id` bigint(20) NOT NULL,
  `modifier` varchar(36) NOT NULL,
  `is_deleted` tinyint(8) NOT NULL DEFAULT 0,
  `delete_time` datetime DEFAULT NULL,
  PRIMARY KEY (`id`)
) ENGINE=InnoDB AUTO_INCREMENT=3 DEFAULT CHARSET=utf8mb4 COLLATE=utf8mb4_bin;

-- ----------------------------
-- Records of t_sys_config
-- ----------------------------
BEGIN;
INSERT INTO `t_sys_config` (name, `key`, params, value, remark, create_time, creator_id, creator, update_time, modifier_id, modifier) VALUES('账号登录安全设置', 'AccountLoginSecurity', '[{"name":"登录验证码","model":"useCaptcha","placeholder":"是否启用登录验证码","options":"true,false"},{"name":"双因素校验(OTP)","model":"useOtp","placeholder":"是否启用双因素(OTP)校验","options":"true,false"},{"name":"OTP签发人","model":"otpIssuer","placeholder":"otp签发人"},{"name":"允许失败次数","model":"loginFailCount","placeholder":"登录失败n次后禁止登录"},{"name":"禁止登录时间","model":"loginFailMin","placeholder":"登录失败指定次数后禁止m分钟内再次登录"}]', '{"useCaptcha":"true","useOtp":"false","loginFailCount":"5","loginFailMin":"10","otpIssuer":"mayfly-go"}', '系统账号登录相关安全设置', '2023-06-17 11:02:11', 1, 'admin', '2023-06-17 14:18:07', 1, 'admin');
INSERT INTO `t_sys_config` (name, `key`, params, value, remark, permission, create_time, creator_id, creator, update_time, modifier_id, modifier, is_deleted, delete_time) VALUES('oauth2登录配置', 'Oauth2Login', '[{"name":"是否启用","model":"enable","placeholder":"是否启用oauth2登录","options":"true,false"},{"name":"名称","model":"name","placeholder":"oauth2名称"},{"name":"Client ID","model":"clientId","placeholder":"Client ID"},{"name":"Client Secret","model":"clientSecret","placeholder":"Client Secret"},{"name":"Authorization URL","model":"authorizationURL","placeholder":"Authorization URL"},{"name":"AccessToken URL","model":"accessTokenURL","placeholder":"AccessToken URL"},{"name":"Redirect URL","model":"redirectURL","placeholder":"本系统地址"},{"name":"Scopes","model":"scopes","placeholder":"Scopes"},{"name":"Resource URL","model":"resourceURL","placeholder":"获取用户信息资源地址"},{"name":"UserIdentifier","model":"userIdentifier","placeholder":"用户唯一标识字段;格式为type:fieldPath(string:username)"},{"name":"是否自动注册","model":"autoRegister","placeholder":"","options":"true,false"}]', '', 'oauth2登录相关配置信息', 'admin,', '2023-07-22 13:58:51', 1, 'admin', '2023-07-22 19:34:37', 1, 'admin', 0, NULL);
INSERT INTO `t_sys_config` (name, `key`, params, value, remark, permission, create_time, creator_id, creator, update_time, modifier_id, modifier, is_deleted, delete_time) VALUES('ldap登录配置', 'LdapLogin', '[{"name":"是否启用","model":"enable","placeholder":"是否启用","options":"true,false"},{"name":"host","model":"host","placeholder":"host"},{"name":"port","model":"port","placeholder":"port"},{"name":"bindDN","model":"bindDN","placeholder":"LDAP 服务的管理员账号，如: \\"cn=admin,dc=example,dc=com\\""},{"name":"bindPwd","model":"bindPwd","placeholder":"LDAP 服务的管理员密码"},{"name":"baseDN","model":"baseDN","placeholder":"用户所在的 base DN, 如: \\"ou=users,dc=example,dc=com\\""},{"name":"userFilter","model":"userFilter","placeholder":"过滤用户的方式, 如: \\"(uid=%s)、(&(objectClass=organizationalPerson)(uid=%s))\\""},{"name":"uidMap","model":"uidMap","placeholder":"用户id和 LDAP 字段名之间的映射关系,如: cn"},{"name":"udnMap","model":"udnMap","placeholder":"用户姓名(dispalyName)和 LDAP 字段名之间的映射关系,如: displayName"},{"name":"emailMap","model":"emailMap","placeholder":"用户email和 LDAP 字段名之间的映射关系"},{"name":"skipTLSVerify","model":"skipTLSVerify","placeholder":"客户端是否跳过 TLS 证书验证","options":"true,false"},{"name":"安全协议","model":"securityProtocol","placeholder":"安全协议（为Null不使用安全协议），如: StartTLS, LDAPS","options":"Null,StartTLS,LDAPS"}]', '', 'ldap登录相关配置', 'admin,', '2023-08-25 21:47:20', 1, 'admin', '2023-08-25 22:56:07', 1, 'admin', 0, NULL);
INSERT INTO `t_sys_config` (name, `key`, params, value, remark, permission, create_time, creator_id, creator, update_time, modifier_id, modifier, is_deleted, delete_time) VALUES('是否启用水印', 'UseWatermark', '[{"name":"是否启用","model":"isUse","placeholder":"是否启用水印","options":"true,false"},{"name":"自定义信息","model":"content","placeholder":"额外添加的水印内容，可添加公司名称等"}]', '', '水印信息配置', 'all', '2022-08-25 23:36:35', 1, 'admin', '2022-08-26 10:02:52', 1, 'admin', 0, NULL);
INSERT INTO `t_sys_config` (name, `key`, params, value, remark, create_time, creator_id, creator, update_time, modifier_id, modifier)VALUES ('数据库查询最大结果集', 'DbQueryMaxCount', '[]', '200', '允许sql查询的最大结果集数。注: 0=不限制', '2023-02-11 14:29:03', 1, 'admin', '2023-02-11 14:40:56', 1, 'admin');
INSERT INTO `t_sys_config` (name, `key`, params, value, remark, create_time, creator_id, creator, update_time, modifier_id, modifier)VALUES ('数据库是否记录查询SQL', 'DbSaveQuerySQL', '[]', '0', '1: 记录、0:不记录', '2023-02-11 16:07:14', 1, 'admin', '2023-02-11 16:44:17', 1, 'admin');
COMMIT;

-- ----------------------------
-- Table structure for t_sys_log
-- ----------------------------
DROP TABLE IF EXISTS `t_sys_log`;
CREATE TABLE `t_sys_log` (
  `id` bigint(20) unsigned NOT NULL AUTO_INCREMENT,
  `type` tinyint(4) NOT NULL COMMENT '类型',
  `description` varchar(255) DEFAULT NULL COMMENT '描述',
  `req_param` varchar(2000) DEFAULT NULL COMMENT '请求信息',
  `resp` varchar(1000) DEFAULT NULL COMMENT '响应信息',
  `creator` varchar(36) NOT NULL COMMENT '调用者',
  `creator_id` bigint(20) NOT NULL COMMENT '调用者id',
  `create_time` datetime NOT NULL COMMENT '操作时间',
  `is_deleted` tinyint(8) NOT NULL DEFAULT 0,
  `delete_time` datetime DEFAULT NULL,
  PRIMARY KEY (`id`),
  KEY `idx_creator_id` (`creator_id`) USING BTREE
) ENGINE=InnoDB AUTO_INCREMENT=58 DEFAULT CHARSET=utf8mb4 COLLATE=utf8mb4_bin COMMENT='系统操作日志';

-- ----------------------------
-- Records of t_sys_log
-- ----------------------------
BEGIN;
COMMIT;

-- ----------------------------
-- Table structure for t_sys_msg
-- ----------------------------
DROP TABLE IF EXISTS `t_sys_msg`;
CREATE TABLE `t_sys_msg` (
  `id` bigint(20) unsigned NOT NULL AUTO_INCREMENT,
  `type` int(255) DEFAULT NULL,
  `msg` varchar(2000) NOT NULL,
  `recipient_id` bigint(20) DEFAULT NULL COMMENT '接收人id，-1为所有接收',
  `creator_id` bigint(20) DEFAULT NULL,
  `creator` varchar(36) DEFAULT NULL,
  `create_time` datetime NOT NULL,
  `is_deleted` tinyint(8) NOT NULL DEFAULT 0,
  `delete_time` datetime DEFAULT NULL,
  PRIMARY KEY (`id`)
) ENGINE=InnoDB AUTO_INCREMENT=91 DEFAULT CHARSET=utf8mb4 COLLATE=utf8mb4_bin COMMENT='系统消息表';

-- ----------------------------
-- Records of t_sys_msg
-- ----------------------------
BEGIN;
COMMIT;

-- ----------------------------
-- Table structure for t_sys_resource
-- ----------------------------
DROP TABLE IF EXISTS `t_sys_resource`;
CREATE TABLE `t_sys_resource` (
  `id` bigint unsigned NOT NULL AUTO_INCREMENT,
  `pid` int NOT NULL COMMENT '父节点id',
  `ui_path` varchar(200) DEFAULT NULL COMMENT '唯一标识路径',
  `type` tinyint NOT NULL COMMENT '1：菜单路由；2：资源（按钮等）',
  `status` int NOT NULL COMMENT '状态；1:可用，-1:禁用',
  `name` varchar(255) NOT NULL COMMENT '名称',
  `code` varchar(255) DEFAULT NULL COMMENT '菜单路由为path，其他为唯一标识',
  `weight` int DEFAULT NULL COMMENT '权重顺序',
  `meta` varchar(455) DEFAULT NULL COMMENT '元数据',
  `creator_id` bigint NOT NULL,
  `creator` varchar(255) NOT NULL,
  `modifier_id` bigint NOT NULL,
  `modifier` varchar(255) NOT NULL,
  `create_time` datetime NOT NULL,
  `update_time` datetime NOT NULL,
  `is_deleted` tinyint(8) NOT NULL DEFAULT 0,
  `delete_time` datetime DEFAULT NULL,
  PRIMARY KEY (`id`),
  KEY `t_sys_resource_ui_path_IDX` (`ui_path`) USING BTREE
) ENGINE=InnoDB AUTO_INCREMENT=128 DEFAULT CHARSET=utf8mb4 COLLATE=utf8mb4_bin COMMENT='资源表';

-- ----------------------------
-- Records of t_sys_resource
-- ----------------------------
BEGIN;
INSERT INTO t_sys_resource (id, pid, ui_path, `type`, status, name, code, weight, meta, creator_id, creator, modifier_id, modifier, create_time, update_time, is_deleted, delete_time) VALUES(1, 0, 'Aexqq77l/', 1, 1, '首页', '/home', 10000000, '{"component":"home/Home","icon":"HomeFilled","isAffix":true,"isKeepAlive":true,"routeName":"Home"}', 1, 'admin', 1, 'admin', '2021-05-25 16:44:41', '2023-03-14 14:27:07', 0, NULL);
INSERT INTO t_sys_resource (id, pid, ui_path, `type`, status, name, code, weight, meta, creator_id, creator, modifier_id, modifier, create_time, update_time, is_deleted, delete_time) VALUES(2, 0, '12sSjal1/', 1, 1, '机器管理', '/machine', 49999998, '{"icon":"Monitor","isKeepAlive":true,"redirect":"machine/list","routeName":"Machine"}', 1, 'admin', 1, 'admin', '2021-05-25 16:48:16', '2022-10-06 14:58:49', 0, NULL);
INSERT INTO t_sys_resource (id, pid, ui_path, `type`, status, name, code, weight, meta, creator_id, creator, modifier_id, modifier, create_time, update_time, is_deleted, delete_time) VALUES(3, 2, '12sSjal1/lskeiql1/', 1, 1, '机器列表', 'machines', 20000000, '{"component":"ops/machine/MachineList","icon":"Monitor","isKeepAlive":true,"routeName":"MachineList"}', 2, 'admin', 1, 'admin', '2021-05-25 16:50:04', '2023-03-15 17:14:44', 0, NULL);
INSERT INTO t_sys_resource (id, pid, ui_path, `type`, status, name, code, weight, meta, creator_id, creator, modifier_id, modifier, create_time, update_time, is_deleted, delete_time) VALUES(4, 0, 'Xlqig32x/', 1, 1, '系统管理', '/sys', 60000001, '{"icon":"Setting","isKeepAlive":true,"redirect":"/sys/resources","routeName":"sys"}', 1, 'admin', 1, 'admin', '2021-05-26 15:20:20', '2022-10-06 14:59:53', 0, NULL);
INSERT INTO t_sys_resource (id, pid, ui_path, `type`, status, name, code, weight, meta, creator_id, creator, modifier_id, modifier, create_time, update_time, is_deleted, delete_time) VALUES(5, 4, 'Xlqig32x/UGxla231/', 1, 1, '资源管理', 'resources', 9999999, '{"component":"system/resource/ResourceList","icon":"Menu","isKeepAlive":true,"routeName":"ResourceList"}', 1, 'admin', 1, 'admin', '2021-05-26 15:23:07', '2023-03-14 15:44:34', 0, NULL);
INSERT INTO t_sys_resource (id, pid, ui_path, `type`, status, name, code, weight, meta, creator_id, creator, modifier_id, modifier, create_time, update_time, is_deleted, delete_time) VALUES(11, 4, 'Xlqig32x/lxqSiae1/', 1, 1, '角色管理', 'roles', 10000001, '{"component":"system/role/RoleList","icon":"Menu","isKeepAlive":true,"routeName":"RoleList"}', 1, 'admin', 1, 'admin', '2021-05-27 11:15:35', '2023-03-14 15:44:22', 0, NULL);
INSERT INTO t_sys_resource (id, pid, ui_path, `type`, status, name, code, weight, meta, creator_id, creator, modifier_id, modifier, create_time, update_time, is_deleted, delete_time) VALUES(12, 3, '12sSjal1/lskeiql1/Alw1Xkq3/', 2, 1, '机器终端按钮', 'machine:terminal', 40000000, '', 1, 'admin', 1, 'admin', '2021-05-28 14:06:02', '2021-05-31 17:47:59', 0, NULL);
INSERT INTO t_sys_resource (id, pid, ui_path, `type`, status, name, code, weight, meta, creator_id, creator, modifier_id, modifier, create_time, update_time, is_deleted, delete_time) VALUES(14, 4, 'Xlqig32x/sfslfel/', 1, 1, '账号管理', 'accounts', 9999999, '{"component":"system/account/AccountList","icon":"Menu","isKeepAlive":true,"routeName":"AccountList"}', 1, 'admin', 1, 'admin', '2021-05-28 14:56:25', '2023-03-14 15:44:10', 0, NULL);
INSERT INTO t_sys_resource (id, pid, ui_path, `type`, status, name, code, weight, meta, creator_id, creator, modifier_id, modifier, create_time, update_time, is_deleted, delete_time) VALUES(15, 3, '12sSjal1/lskeiql1/Lsew24Kx/', 2, 1, '文件管理按钮', 'machine:file', 50000000, NULL, 1, 'admin', 1, 'admin', '2021-05-31 17:44:37', '2021-05-31 17:48:07', 0, NULL);
INSERT INTO t_sys_resource (id, pid, ui_path, `type`, status, name, code, weight, meta, creator_id, creator, modifier_id, modifier, create_time, update_time, is_deleted, delete_time) VALUES(16, 3, '12sSjal1/lskeiql1/exIsqL31/', 2, 1, '机器添加按钮', 'machine:add', 10000000, NULL, 1, 'admin', 1, 'admin', '2021-05-31 17:46:11', '2021-05-31 19:34:15', 0, NULL);
INSERT INTO t_sys_resource (id, pid, ui_path, `type`, status, name, code, weight, meta, creator_id, creator, modifier_id, modifier, create_time, update_time, is_deleted, delete_time) VALUES(17, 3, '12sSjal1/lskeiql1/Liwakg2x/', 2, 1, '机器编辑按钮', 'machine:update', 20000000, NULL, 1, 'admin', 1, 'admin', '2021-05-31 17:46:23', '2021-05-31 19:34:18', 0, NULL);
INSERT INTO t_sys_resource (id, pid, ui_path, `type`, status, name, code, weight, meta, creator_id, creator, modifier_id, modifier, create_time, update_time, is_deleted, delete_time) VALUES(18, 3, '12sSjal1/lskeiql1/Lieakenx/', 2, 1, '机器删除按钮', 'machine:del', 30000000, NULL, 1, 'admin', 1, 'admin', '2021-05-31 17:46:36', '2021-05-31 19:34:17', 0, NULL);
INSERT INTO t_sys_resource (id, pid, ui_path, `type`, status, name, code, weight, meta, creator_id, creator, modifier_id, modifier, create_time, update_time, is_deleted, delete_time) VALUES(19, 14, 'Xlqig32x/sfslfel/UUiex2xA/', 2, 1, '角色分配按钮', 'account:saveRoles', 10000000, NULL, 1, 'admin', 1, 'admin', '2021-05-31 17:50:51', '2021-05-31 19:19:30', 0, NULL);
INSERT INTO t_sys_resource (id, pid, ui_path, `type`, status, name, code, weight, meta, creator_id, creator, modifier_id, modifier, create_time, update_time, is_deleted, delete_time) VALUES(20, 11, 'Xlqig32x/lxqSiae1/EMq2Kxq3/', 2, 1, '分配菜单&权限按钮', 'role:saveResources', 10000000, NULL, 1, 'admin', 1, 'admin', '2021-05-31 17:51:41', '2021-05-31 19:33:37', 0, NULL);
INSERT INTO t_sys_resource (id, pid, ui_path, `type`, status, name, code, weight, meta, creator_id, creator, modifier_id, modifier, create_time, update_time, is_deleted, delete_time) VALUES(21, 14, 'Xlqig32x/sfslfel/Uexax2xA/', 2, 1, '账号删除按钮', 'account:del', 20000000, 'null', 1, 'admin', 1, 'admin', '2021-05-31 18:02:01', '2021-06-10 17:12:17', 0, NULL);
INSERT INTO t_sys_resource (id, pid, ui_path, `type`, status, name, code, weight, meta, creator_id, creator, modifier_id, modifier, create_time, update_time, is_deleted, delete_time) VALUES(22, 11, 'Xlqig32x/lxqSiae1/Elxq2Kxq3/', 2, 1, '角色删除按钮', 'role:del', 20000000, NULL, 1, 'admin', 1, 'admin', '2021-05-31 18:02:29', '2021-05-31 19:33:38', 0, NULL);
INSERT INTO t_sys_resource (id, pid, ui_path, `type`, status, name, code, weight, meta, creator_id, creator, modifier_id, modifier, create_time, update_time, is_deleted, delete_time) VALUES(23, 11, 'Xlqig32x/lxqSiae1/342xKxq3/', 2, 1, '角色新增按钮', 'role:add', 30000000, NULL, 1, 'admin', 1, 'admin', '2021-05-31 18:02:44', '2021-05-31 19:33:39', 0, NULL);
INSERT INTO t_sys_resource (id, pid, ui_path, `type`, status, name, code, weight, meta, creator_id, creator, modifier_id, modifier, create_time, update_time, is_deleted, delete_time) VALUES(24, 11, 'Xlqig32x/lxqSiae1/LexqKxq3/', 2, 1, '角色编辑按钮', 'role:update', 40000000, NULL, 1, 'admin', 1, 'admin', '2021-05-31 18:02:57', '2021-05-31 19:33:40', 0, NULL);
INSERT INTO t_sys_resource (id, pid, ui_path, `type`, status, name, code, weight, meta, creator_id, creator, modifier_id, modifier, create_time, update_time, is_deleted, delete_time) VALUES(25, 5, 'Xlqig32x/UGxla231/Elxq23XK/', 2, 1, '资源新增按钮', 'resource:add', 10000000, NULL, 1, 'admin', 1, 'admin', '2021-05-31 18:03:33', '2021-05-31 19:31:47', 0, NULL);
INSERT INTO t_sys_resource (id, pid, ui_path, `type`, status, name, code, weight, meta, creator_id, creator, modifier_id, modifier, create_time, update_time, is_deleted, delete_time) VALUES(26, 5, 'Xlqig32x/UGxla231/eloq23XK/', 2, 1, '资源删除按钮', 'resource:delete', 20000000, NULL, 1, 'admin', 1, 'admin', '2021-05-31 18:03:47', '2021-05-31 19:29:40', 0, NULL);
INSERT INTO t_sys_resource (id, pid, ui_path, `type`, status, name, code, weight, meta, creator_id, creator, modifier_id, modifier, create_time, update_time, is_deleted, delete_time) VALUES(27, 5, 'Xlqig32x/UGxla231/JExq23XK/', 2, 1, '资源编辑按钮', 'resource:update', 30000000, NULL, 1, 'admin', 1, 'admin', '2021-05-31 18:04:03', '2021-05-31 19:29:40', 0, NULL);
INSERT INTO t_sys_resource (id, pid, ui_path, `type`, status, name, code, weight, meta, creator_id, creator, modifier_id, modifier, create_time, update_time, is_deleted, delete_time) VALUES(28, 5, 'Xlqig32x/UGxla231/Elex13XK/', 2, 1, '资源禁用启用按钮', 'resource:changeStatus', 40000000, NULL, 1, 'admin', 1, 'admin', '2021-05-31 18:04:33', '2021-05-31 18:04:33', 0, NULL);
INSERT INTO t_sys_resource (id, pid, ui_path, `type`, status, name, code, weight, meta, creator_id, creator, modifier_id, modifier, create_time, update_time, is_deleted, delete_time) VALUES(29, 14, 'Xlqig32x/sfslfel/xlawx2xA/', 2, 1, '账号添加按钮', 'account:add', 30000000, NULL, 1, 'admin', 1, 'admin', '2021-05-31 19:23:42', '2021-05-31 19:23:42', 0, NULL);
INSERT INTO t_sys_resource (id, pid, ui_path, `type`, status, name, code, weight, meta, creator_id, creator, modifier_id, modifier, create_time, update_time, is_deleted, delete_time) VALUES(30, 14, 'Xlqig32x/sfslfel/32xax2xA/', 2, 1, '账号编辑修改按钮', 'account:update', 40000000, NULL, 1, 'admin', 1, 'admin', '2021-05-31 19:23:58', '2021-05-31 19:23:58', 0, NULL);
INSERT INTO t_sys_resource (id, pid, ui_path, `type`, status, name, code, weight, meta, creator_id, creator, modifier_id, modifier, create_time, update_time, is_deleted, delete_time) VALUES(31, 14, 'Xlqig32x/sfslfel/eubale13/', 2, 1, '账号管理基本权限', 'account', 10000000, 'null', 1, 'admin', 1, 'admin', '2021-05-31 21:25:06', '2021-06-22 11:20:34', 0, NULL);
INSERT INTO t_sys_resource (id, pid, ui_path, `type`, status, name, code, weight, meta, creator_id, creator, modifier_id, modifier, create_time, update_time, is_deleted, delete_time) VALUES(32, 5, 'Xlqig32x/UGxla231/321q23XK/', 2, 1, '资源管理基本权限', 'resource', 10000000, NULL, 1, 'admin', 1, 'admin', '2021-05-31 21:25:25', '2021-05-31 21:25:25', 0, NULL);
INSERT INTO t_sys_resource (id, pid, ui_path, `type`, status, name, code, weight, meta, creator_id, creator, modifier_id, modifier, create_time, update_time, is_deleted, delete_time) VALUES(33, 11, 'Xlqig32x/lxqSiae1/908xKxq3/', 2, 1, '角色管理基本权限', 'role', 10000000, NULL, 1, 'admin', 1, 'admin', '2021-05-31 21:25:40', '2021-05-31 21:25:40', 0, NULL);
INSERT INTO t_sys_resource (id, pid, ui_path, `type`, status, name, code, weight, meta, creator_id, creator, modifier_id, modifier, create_time, update_time, is_deleted, delete_time) VALUES(34, 14, 'Xlqig32x/sfslfel/32alx2xA/', 2, 1, '账号启用禁用按钮', 'account:changeStatus', 50000000, NULL, 1, 'admin', 1, 'admin', '2021-05-31 21:29:48', '2021-05-31 21:29:48', 0, NULL);
INSERT INTO t_sys_resource (id, pid, ui_path, `type`, status, name, code, weight, meta, creator_id, creator, modifier_id, modifier, create_time, update_time, is_deleted, delete_time) VALUES(36, 0, 'dbms23ax/', 1, 1, 'DBMS', '/dbms', 49999999, '{"icon":"Coin","isKeepAlive":true,"routeName":"DBMS"}', 1, 'admin', 1, 'admin', '2021-06-01 14:01:33', '2023-03-15 17:31:08', 0, NULL);
INSERT INTO t_sys_resource (id, pid, ui_path, `type`, status, name, code, weight, meta, creator_id, creator, modifier_id, modifier, create_time, update_time, is_deleted, delete_time) VALUES(37, 3, '12sSjal1/lskeiql1/Keiqkx4L/', 2, 1, '添加文件配置', 'machine:addFile', 60000000, 'null', 1, 'admin', 1, 'admin', '2021-06-01 19:54:23', '2021-06-01 19:54:23', 0, NULL);
INSERT INTO t_sys_resource (id, pid, ui_path, `type`, status, name, code, weight, meta, creator_id, creator, modifier_id, modifier, create_time, update_time, is_deleted, delete_time) VALUES(38, 36, 'dbms23ax/exaeca2x/', 1, 1, '数据操作', 'sql-exec', 10000000, '{"component":"ops/db/SqlExec","icon":"Coin","isKeepAlive":true,"routeName":"SqlExec"}', 1, 'admin', 1, 'admin', '2021-06-03 09:09:29', '2023-03-15 17:31:21', 0, NULL);
INSERT INTO t_sys_resource (id, pid, ui_path, `type`, status, name, code, weight, meta, creator_id, creator, modifier_id, modifier, create_time, update_time, is_deleted, delete_time) VALUES(39, 0, 'sl3as23x/', 1, 1, '个人中心', '/personal', 19999999, '{"component":"personal/index","icon":"UserFilled","isHide":true,"isKeepAlive":true,"routeName":"Personal"}', 1, 'admin', 1, 'admin', '2021-06-03 14:25:35', '2023-03-14 14:28:36', 0, NULL);
INSERT INTO t_sys_resource (id, pid, ui_path, `type`, status, name, code, weight, meta, creator_id, creator, modifier_id, modifier, create_time, update_time, is_deleted, delete_time) VALUES(40, 3, '12sSjal1/lskeiql1/Keal2Xke/', 2, 1, '文件管理-新增按钮', 'machine:file:add', 70000000, 'null', 1, 'admin', 1, 'admin', '2021-06-08 11:06:26', '2021-06-08 11:12:28', 0, NULL);
INSERT INTO t_sys_resource (id, pid, ui_path, `type`, status, name, code, weight, meta, creator_id, creator, modifier_id, modifier, create_time, update_time, is_deleted, delete_time) VALUES(41, 3, '12sSjal1/lskeiql1/Ihfs2xaw/', 2, 1, '文件管理-删除按钮', 'machine:file:del', 80000000, 'null', 1, 'admin', 1, 'admin', '2021-06-08 11:06:49', '2021-06-08 11:06:49', 0, NULL);
INSERT INTO t_sys_resource (id, pid, ui_path, `type`, status, name, code, weight, meta, creator_id, creator, modifier_id, modifier, create_time, update_time, is_deleted, delete_time) VALUES(42, 3, '12sSjal1/lskeiql1/3ldkxJDx/', 2, 1, '文件管理-写入or下载文件权限', 'machine:file:write', 90000000, 'null', 1, 'admin', 1, 'admin', '2021-06-08 11:07:27', '2021-06-08 11:07:27', 0, NULL);
INSERT INTO t_sys_resource (id, pid, ui_path, `type`, status, name, code, weight, meta, creator_id, creator, modifier_id, modifier, create_time, update_time, is_deleted, delete_time) VALUES(43, 3, '12sSjal1/lskeiql1/Ljewix43/', 2, 1, '文件管理-文件上传按钮', 'machine:file:upload', 100000000, 'null', 1, 'admin', 1, 'admin', '2021-06-08 11:07:42', '2021-06-08 11:07:42', 0, NULL);
INSERT INTO t_sys_resource (id, pid, ui_path, `type`, status, name, code, weight, meta, creator_id, creator, modifier_id, modifier, create_time, update_time, is_deleted, delete_time) VALUES(44, 3, '12sSjal1/lskeiql1/L12wix43/', 2, 1, '文件管理-删除文件按钮', 'machine:file:rm', 110000000, 'null', 1, 'admin', 1, 'admin', '2021-06-08 11:08:12', '2021-06-08 11:08:12', 0, NULL);
INSERT INTO t_sys_resource (id, pid, ui_path, `type`, status, name, code, weight, meta, creator_id, creator, modifier_id, modifier, create_time, update_time, is_deleted, delete_time) VALUES(45, 3, '12sSjal1/lskeiql1/Ljewisd3/', 2, 1, '脚本管理-保存脚本按钮', 'machine:script:save', 120000000, 'null', 1, 'admin', 1, 'admin', '2021-06-08 11:09:01', '2021-06-08 11:09:01', 0, NULL);
INSERT INTO t_sys_resource (id, pid, ui_path, `type`, status, name, code, weight, meta, creator_id, creator, modifier_id, modifier, create_time, update_time, is_deleted, delete_time) VALUES(46, 3, '12sSjal1/lskeiql1/Ljeew43/', 2, 1, '脚本管理-删除按钮', 'machine:script:del', 130000000, 'null', 1, 'admin', 1, 'admin', '2021-06-08 11:09:27', '2021-06-08 11:09:27', 0, NULL);
INSERT INTO t_sys_resource (id, pid, ui_path, `type`, status, name, code, weight, meta, creator_id, creator, modifier_id, modifier, create_time, update_time, is_deleted, delete_time) VALUES(47, 3, '12sSjal1/lskeiql1/ODewix43/', 2, 1, '脚本管理-执行按钮', 'machine:script:run', 140000000, 'null', 1, 'admin', 1, 'admin', '2021-06-08 11:09:50', '2021-06-08 11:09:50', 0, NULL);
INSERT INTO t_sys_resource (id, pid, ui_path, `type`, status, name, code, weight, meta, creator_id, creator, modifier_id, modifier, create_time, update_time, is_deleted, delete_time) VALUES(49, 36, 'dbms23ax/xleaiec2/', 1, 1, '数据库管理', 'dbs', 20000000, '{"component":"ops/db/DbList","icon":"Coin","isKeepAlive":true,"routeName":"DbList"}', 1, 'admin', 1, 'admin', '2021-07-07 15:13:55', '2023-03-15 17:31:28', 0, NULL);
INSERT INTO t_sys_resource (id, pid, ui_path, `type`, status, name, code, weight, meta, creator_id, creator, modifier_id, modifier, create_time, update_time, is_deleted, delete_time) VALUES(54, 49, 'dbms23ax/xleaiec2/leix3Axl/', 2, 1, '数据库保存', 'db:save', 10000000, 'null', 1, 'admin', 1, 'admin', '2021-07-08 17:30:36', '2021-07-08 17:31:05', 0, NULL);
INSERT INTO t_sys_resource (id, pid, ui_path, `type`, status, name, code, weight, meta, creator_id, creator, modifier_id, modifier, create_time, update_time, is_deleted, delete_time) VALUES(55, 49, 'dbms23ax/xleaiec2/ygjL3sxA/', 2, 1, '数据库删除', 'db:del', 20000000, 'null', 1, 'admin', 1, 'admin', '2021-07-08 17:30:48', '2021-07-08 17:30:48', 0, NULL);
INSERT INTO t_sys_resource (id, pid, ui_path, `type`, status, name, code, weight, meta, creator_id, creator, modifier_id, modifier, create_time, update_time, is_deleted, delete_time) VALUES(57, 3, '12sSjal1/lskeiql1/OJewex43/', 2, 1, '基本权限', 'machine', 10000000, 'null', 1, 'admin', 1, 'admin', '2021-07-09 10:48:02', '2021-07-09 10:48:02', 0, NULL);
INSERT INTO t_sys_resource (id, pid, ui_path, `type`, status, name, code, weight, meta, creator_id, creator, modifier_id, modifier, create_time, update_time, is_deleted, delete_time) VALUES(58, 49, 'dbms23ax/xleaiec2/AceXe321/', 2, 1, '基本权限', 'db', 10000000, 'null', 1, 'admin', 1, 'admin', '2021-07-09 10:48:22', '2021-07-09 10:48:22', 0, NULL);
INSERT INTO t_sys_resource (id, pid, ui_path, `type`, status, name, code, weight, meta, creator_id, creator, modifier_id, modifier, create_time, update_time, is_deleted, delete_time) VALUES(59, 38, 'dbms23ax/exaeca2x/ealcia23/', 2, 1, '基本权限', 'db:exec', 10000000, 'null', 1, 'admin', 1, 'admin', '2021-07-09 10:50:13', '2021-07-09 10:50:13', 0, NULL);
INSERT INTO t_sys_resource (id, pid, ui_path, `type`, status, name, code, weight, meta, creator_id, creator, modifier_id, modifier, create_time, update_time, is_deleted, delete_time) VALUES(60, 0, 'RedisXq4/', 1, 1, 'Redis', '/redis', 50000001, '{"icon":"iconfont icon-redis","isKeepAlive":true,"routeName":"RDS"}', 1, 'admin', 1, 'admin', '2021-07-19 20:15:41', '2023-03-15 16:44:59', 0, NULL);
INSERT INTO t_sys_resource (id, pid, ui_path, `type`, status, name, code, weight, meta, creator_id, creator, modifier_id, modifier, create_time, update_time, is_deleted, delete_time) VALUES(61, 60, 'RedisXq4/Exitx4al/', 1, 1, '数据操作', 'data-operation', 10000000, '{"component":"ops/redis/DataOperation","icon":"iconfont icon-redis","isKeepAlive":true,"routeName":"DataOperation"}', 1, 'admin', 1, 'admin', '2021-07-19 20:17:29', '2023-03-15 16:37:50', 0, NULL);
INSERT INTO t_sys_resource (id, pid, ui_path, `type`, status, name, code, weight, meta, creator_id, creator, modifier_id, modifier, create_time, update_time, is_deleted, delete_time) VALUES(62, 61, 'RedisXq4/Exitx4al/LSjie321/', 2, 1, '基本权限', 'redis:data', 10000000, 'null', 1, 'admin', 1, 'admin', '2021-07-19 20:18:54', '2021-07-19 20:18:54', 0, NULL);
INSERT INTO t_sys_resource (id, pid, ui_path, `type`, status, name, code, weight, meta, creator_id, creator, modifier_id, modifier, create_time, update_time, is_deleted, delete_time) VALUES(63, 60, 'RedisXq4/Eoaljc12/', 1, 1, 'redis管理', 'manage', 20000000, '{"component":"ops/redis/RedisList","icon":"iconfont icon-redis","isKeepAlive":true,"routeName":"RedisList"}', 1, 'admin', 1, 'admin', '2021-07-20 10:48:04', '2023-03-15 16:38:00', 0, NULL);
INSERT INTO t_sys_resource (id, pid, ui_path, `type`, status, name, code, weight, meta, creator_id, creator, modifier_id, modifier, create_time, update_time, is_deleted, delete_time) VALUES(64, 63, 'RedisXq4/Eoaljc12/IoxqAd31/', 2, 1, '基本权限', 'redis:manage', 10000000, 'null', 1, 'admin', 1, 'admin', '2021-07-20 10:48:26', '2021-07-20 10:48:26', 0, NULL);
INSERT INTO t_sys_resource (id, pid, ui_path, `type`, status, name, code, weight, meta, creator_id, creator, modifier_id, modifier, create_time, update_time, is_deleted, delete_time) VALUES(71, 61, 'RedisXq4/Exitx4al/IUlxia23/', 2, 1, '数据保存', 'redis:data:save', 60000000, 'null', 1, 'admin', 1, 'admin', '2021-08-17 11:20:37', '2021-08-17 11:20:37', 0, NULL);
INSERT INTO t_sys_resource (id, pid, ui_path, `type`, status, name, code, weight, meta, creator_id, creator, modifier_id, modifier, create_time, update_time, is_deleted, delete_time) VALUES(72, 3, '12sSjal1/lskeiql1/LIEwix43/', 2, 1, '终止进程', 'machine:killprocess', 60000000, 'null', 1, 'admin', 1, 'admin', '2021-08-17 11:20:37', '2021-08-17 11:20:37', 0, NULL);
INSERT INTO t_sys_resource (id, pid, ui_path, `type`, status, name, code, weight, meta, creator_id, creator, modifier_id, modifier, create_time, update_time, is_deleted, delete_time) VALUES(79, 0, 'Mongo452/', 1, 1, 'Mongo', '/mongo', 50000002, '{"icon":"iconfont icon-mongo","isKeepAlive":true,"routeName":"Mongo"}', 1, 'admin', 1, 'admin', '2022-05-13 14:00:41', '2023-03-16 14:23:22', 0, NULL);
INSERT INTO t_sys_resource (id, pid, ui_path, `type`, status, name, code, weight, meta, creator_id, creator, modifier_id, modifier, create_time, update_time, is_deleted, delete_time) VALUES(80, 79, 'Mongo452/eggago31/', 1, 1, '数据操作', 'mongo-data-operation', 10000000, '{"component":"ops/mongo/MongoDataOp","icon":"iconfont icon-mongo","isKeepAlive":true,"routeName":"MongoDataOp"}', 1, 'admin', 1, 'admin', '2022-05-13 14:03:58', '2023-03-15 17:15:02', 0, NULL);
INSERT INTO t_sys_resource (id, pid, ui_path, `type`, status, name, code, weight, meta, creator_id, creator, modifier_id, modifier, create_time, update_time, is_deleted, delete_time) VALUES(81, 80, 'Mongo452/eggago31/egjglal3/', 2, 1, '基本权限', 'mongo:base', 10000000, 'null', 1, 'admin', 1, 'admin', '2022-05-13 14:04:16', '2022-05-13 14:04:16', 0, NULL);
INSERT INTO t_sys_resource (id, pid, ui_path, `type`, status, name, code, weight, meta, creator_id, creator, modifier_id, modifier, create_time, update_time, is_deleted, delete_time) VALUES(82, 79, 'Mongo452/ghxagl43/', 1, 1, 'Mongo管理', 'mongo-manage', 20000000, '{"component":"ops/mongo/MongoList","icon":"iconfont icon-mongo","isKeepAlive":true,"routeName":"MongoList"}', 1, 'admin', 1, 'admin', '2022-05-16 18:13:06', '2023-03-15 17:26:55', 0, NULL);
INSERT INTO t_sys_resource (id, pid, ui_path, `type`, status, name, code, weight, meta, creator_id, creator, modifier_id, modifier, create_time, update_time, is_deleted, delete_time) VALUES(83, 82, 'Mongo452/ghxagl43/egljbla3/', 2, 1, '基本权限', 'mongo:manage:base', 10000000, 'null', 1, 'admin', 1, 'admin', '2022-05-16 18:13:25', '2022-05-16 18:13:25', 0, NULL);
INSERT INTO t_sys_resource (id, pid, ui_path, `type`, status, name, code, weight, meta, creator_id, creator, modifier_id, modifier, create_time, update_time, is_deleted, delete_time) VALUES(84, 4, 'Xlqig32x/exlaeAlx/', 1, 1, '操作日志', 'syslogs', 20000000, '{"component":"system/syslog/SyslogList","icon":"Tickets","routeName":"SyslogList"}', 1, 'admin', 1, 'admin', '2022-07-13 19:57:07', '2023-03-14 15:44:45', 0, NULL);
INSERT INTO t_sys_resource (id, pid, ui_path, `type`, status, name, code, weight, meta, creator_id, creator, modifier_id, modifier, create_time, update_time, is_deleted, delete_time) VALUES(85, 84, 'Xlqig32x/exlaeAlx/3xlqeXql/', 2, 1, '操作日志基本权限', 'syslog', 10000000, 'null', 1, 'admin', 1, 'admin', '2022-07-13 19:57:55', '2022-07-13 19:57:55', 0, NULL);
INSERT INTO t_sys_resource (id, pid, ui_path, `type`, status, name, code, weight, meta, creator_id, creator, modifier_id, modifier, create_time, update_time, is_deleted, delete_time) VALUES(87, 4, 'Xlqig32x/Ulxaee23/', 1, 1, '系统配置', 'configs', 10000002, '{"component":"system/config/ConfigList","icon":"Setting","isKeepAlive":true,"routeName":"ConfigList"}', 1, 'admin', 1, 'admin', '2022-08-25 22:18:55', '2023-03-15 11:06:07', 0, NULL);
INSERT INTO t_sys_resource (id, pid, ui_path, `type`, status, name, code, weight, meta, creator_id, creator, modifier_id, modifier, create_time, update_time, is_deleted, delete_time) VALUES(88, 87, 'Xlqig32x/Ulxaee23/exlqguA3/', 2, 1, '基本权限', 'config:base', 10000000, 'null', 1, 'admin', 1, 'admin', '2022-08-25 22:19:35', '2022-08-25 22:19:35', 0, NULL);
INSERT INTO t_sys_resource (id, pid, ui_path, `type`, status, name, code, weight, meta, creator_id, creator, modifier_id, modifier, create_time, update_time, is_deleted, delete_time) VALUES(93, 0, 'Tag3fhad/', 1, 1, '标签管理', '/tag', 20000001, '{"icon":"CollectionTag","isKeepAlive":true,"routeName":"Tag"}', 1, 'admin', 1, 'admin', '2022-10-24 15:18:40', '2022-10-24 15:24:29', 0, NULL);
INSERT INTO t_sys_resource (id, pid, ui_path, `type`, status, name, code, weight, meta, creator_id, creator, modifier_id, modifier, create_time, update_time, is_deleted, delete_time) VALUES(94, 93, 'Tag3fhad/glxajg23/', 1, 1, '标签树', 'tag-trees', 10000000, '{"component":"ops/tag/TagTreeList","icon":"CollectionTag","isKeepAlive":true,"routeName":"TagTreeList"}', 1, 'admin', 1, 'admin', '2022-10-24 15:19:40', '2023-03-14 14:30:51', 0, NULL);
INSERT INTO t_sys_resource (id, pid, ui_path, `type`, status, name, code, weight, meta, creator_id, creator, modifier_id, modifier, create_time, update_time, is_deleted, delete_time) VALUES(95, 93, 'Tag3fhad/Bjlag32x/', 1, 1, '团队管理', 'teams', 20000000, '{"component":"ops/tag/TeamList","icon":"UserFilled","isKeepAlive":true,"routeName":"TeamList"}', 1, 'admin', 1, 'admin', '2022-10-24 15:20:09', '2023-03-14 14:31:03', 0, NULL);
INSERT INTO t_sys_resource (id, pid, ui_path, `type`, status, name, code, weight, meta, creator_id, creator, modifier_id, modifier, create_time, update_time, is_deleted, delete_time) VALUES(96, 94, 'Tag3fhad/glxajg23/gkxagt23/', 2, 1, '保存标签', 'tag:save', 10000000, 'null', 1, 'admin', 1, 'admin', '2022-10-24 15:20:40', '2022-10-26 13:58:36', 0, NULL);
INSERT INTO t_sys_resource (id, pid, ui_path, `type`, status, name, code, weight, meta, creator_id, creator, modifier_id, modifier, create_time, update_time, is_deleted, delete_time) VALUES(97, 95, 'Tag3fhad/Bjlag32x/GJslag32/', 2, 1, '保存团队', 'team:save', 10000000, 'null', 1, 'admin', 1, 'admin', '2022-10-24 15:20:57', '2022-10-26 13:58:56', 0, NULL);
INSERT INTO t_sys_resource (id, pid, ui_path, `type`, status, name, code, weight, meta, creator_id, creator, modifier_id, modifier, create_time, update_time, is_deleted, delete_time) VALUES(98, 94, 'Tag3fhad/glxajg23/xjgalte2/', 2, 1, '删除标签', 'tag:del', 20000000, 'null', 1, 'admin', 1, 'admin', '2022-10-26 13:58:47', '2022-10-26 13:58:47', 0, NULL);
INSERT INTO t_sys_resource (id, pid, ui_path, `type`, status, name, code, weight, meta, creator_id, creator, modifier_id, modifier, create_time, update_time, is_deleted, delete_time) VALUES(99, 95, 'Tag3fhad/Bjlag32x/Gguca23x/', 2, 1, '删除团队', 'team:del', 20000000, 'null', 1, 'admin', 1, 'admin', '2022-10-26 13:59:06', '2022-10-26 13:59:06', 0, NULL);
INSERT INTO t_sys_resource (id, pid, ui_path, `type`, status, name, code, weight, meta, creator_id, creator, modifier_id, modifier, create_time, update_time, is_deleted, delete_time) VALUES(100, 95, 'Tag3fhad/Bjlag32x/Lgidsq32/', 2, 1, '新增团队成员', 'team:member:save', 30000000, 'null', 1, 'admin', 1, 'admin', '2022-10-26 13:59:27', '2022-10-26 13:59:27', 0, NULL);
INSERT INTO t_sys_resource (id, pid, ui_path, `type`, status, name, code, weight, meta, creator_id, creator, modifier_id, modifier, create_time, update_time, is_deleted, delete_time) VALUES(101, 95, 'Tag3fhad/Bjlag32x/Lixaue3G/', 2, 1, '移除团队成员', 'team:member:del', 40000000, 'null', 1, 'admin', 1, 'admin', '2022-10-26 13:59:43', '2022-10-26 13:59:43', 0, NULL);
INSERT INTO t_sys_resource (id, pid, ui_path, `type`, status, name, code, weight, meta, creator_id, creator, modifier_id, modifier, create_time, update_time, is_deleted, delete_time) VALUES(102, 95, 'Tag3fhad/Bjlag32x/Oygsq3xg/', 2, 1, '保存团队标签', 'team:tag:save', 50000000, 'null', 1, 'admin', 1, 'admin', '2022-10-26 13:59:57', '2022-10-26 13:59:57', 0, NULL);
INSERT INTO t_sys_resource (id, pid, ui_path, `type`, status, name, code, weight, meta, creator_id, creator, modifier_id, modifier, create_time, update_time, is_deleted, delete_time) VALUES(103, 2, '12sSjal1/exahgl32/', 1, 1, '授权凭证', 'authcerts', 60000000, '{"component":"ops/machine/authcert/AuthCertList","icon":"Unlock","isKeepAlive":true,"routeName":"AuthCertList"}', 1, 'admin', 1, 'admin', '2023-02-23 11:36:26', '2023-03-14 14:33:28', 0, NULL);
INSERT INTO t_sys_resource (id, pid, ui_path, `type`, status, name, code, weight, meta, creator_id, creator, modifier_id, modifier, create_time, update_time, is_deleted, delete_time) VALUES(104, 103, '12sSjal1/exahgl32/egxahg24/', 2, 1, '基本权限', 'authcert', 10000000, 'null', 1, 'admin', 1, 'admin', '2023-02-23 11:37:24', '2023-02-23 11:37:24', 0, NULL);
INSERT INTO t_sys_resource (id, pid, ui_path, `type`, status, name, code, weight, meta, creator_id, creator, modifier_id, modifier, create_time, update_time, is_deleted, delete_time) VALUES(105, 103, '12sSjal1/exahgl32/yglxahg2/', 2, 1, '保存权限', 'authcert:save', 20000000, 'null', 1, 'admin', 1, 'admin', '2023-02-23 11:37:54', '2023-02-23 11:37:54', 0, NULL);
INSERT INTO t_sys_resource (id, pid, ui_path, `type`, status, name, code, weight, meta, creator_id, creator, modifier_id, modifier, create_time, update_time, is_deleted, delete_time) VALUES(106, 103, '12sSjal1/exahgl32/Glxag234/', 2, 1, '删除权限', 'authcert:del', 30000000, 'null', 1, 'admin', 1, 'admin', '2023-02-23 11:38:09', '2023-02-23 11:38:09', 0, NULL);
INSERT INTO t_sys_resource (id, pid, ui_path, `type`, status, name, code, weight, meta, creator_id, creator, modifier_id, modifier, create_time, update_time, is_deleted, delete_time) VALUES(108, 61, 'RedisXq4/Exitx4al/Gxlagheg/', 2, 1, '数据删除', 'redis:data:del', 30000000, 'null', 1, 'admin', 1, 'admin', '2023-03-14 17:20:00', '2023-03-14 17:20:00', 0, NULL);
INSERT INTO t_sys_resource (id, pid, ui_path, `type`, status, name, code, weight, meta, creator_id, creator, modifier_id, modifier, create_time, update_time, is_deleted, delete_time) VALUES(109, 3, '12sSjal1/lskeiql1/KMdsix43/', 2, 1, '关闭连接', 'machine:close-cli', 60000000, 'null', 1, 'admin', 1, 'admin', '2023-03-16 16:11:04', '2023-03-16 16:11:04', 0, NULL);
INSERT INTO t_sys_resource (id, pid, ui_path, `type`, status, name, code, weight, meta, creator_id, creator, modifier_id, modifier, create_time, update_time, is_deleted, delete_time) VALUES(128, 87, 'Xlqig32x/Ulxaee23/MoOWr2N0/', 2, 1, '配置保存', 'config:save', 1687315135, 'null', 1, 'admin', 1, 'admin', '2023-06-21 10:38:55', '2023-06-21 10:38:55', 0, NULL);
INSERT INTO t_sys_resource (id, pid, ui_path, `type`, status, name, code, weight, meta, creator_id, creator, modifier_id, modifier, create_time, update_time, is_deleted, delete_time) VALUES(132, 130, '12sSjal1/W9XKiabq/zxXM23i0/', 2, 1, '删除计划任务', 'machine:cronjob:del', 1689860102, 'null', 1, 'admin', 1, 'admin', '2023-07-20 21:35:02', '2023-07-20 21:35:02', 0, NULL);
INSERT INTO t_sys_resource (id, pid, ui_path, `type`, status, name, code, weight, meta, creator_id, creator, modifier_id, modifier, create_time, update_time, is_deleted, delete_time) VALUES(131, 130, '12sSjal1/W9XKiabq/gEOqr2pD/', 2, 1, '保存计划任务', 'machine:cronjob:save', 1689860087, 'null', 1, 'admin', 1, 'admin', '2023-07-20 21:34:47', '2023-07-20 21:34:47', 0, NULL);
INSERT INTO t_sys_resource (id, pid, ui_path, `type`, status, name, code, weight, meta, creator_id, creator, modifier_id, modifier, create_time, update_time, is_deleted, delete_time) VALUES(130, 2, '12sSjal1/W9XKiabq/', 1, 1, '计划任务', '/machine/cron-job', 1689646396, '{"component":"ops/machine/cronjob/CronJobList","icon":"AlarmClock","isKeepAlive":true,"routeName":"CronJobList"}', 1, 'admin', 1, 'admin', '2023-07-18 10:13:16', '2023-07-18 10:14:06', 0, NULL);
INSERT INTO t_sys_resource (id, pid, ui_path, type, status, name, code, weight, meta, creator_id, creator, modifier_id, modifier, create_time, update_time, is_deleted, delete_time) VALUES(134, 80, 'Mongo452/eggago31/3sblw1Wb/', 2, 1, '删除数据', 'mongo:data:del', 1692674964, 'null', 1, 'admin', 1, 'admin', '2023-08-22 11:29:24', '2023-08-22 11:29:24', 0, NULL);
INSERT INTO t_sys_resource (id, pid, ui_path, type, status, name, code, weight, meta, creator_id, creator, modifier_id, modifier, create_time, update_time, is_deleted, delete_time) VALUES(133, 80, 'Mongo452/eggago31/xvpKk36u/', 2, 1, '保存数据', 'mongo:data:save', 1692674943, 'null', 1, 'admin', 1, 'admin', '2023-08-22 11:29:04', '2023-08-22 11:29:11', 0, NULL);
INSERT INTO t_sys_resource (id, pid, ui_path, `type`, status, name, code, weight, meta, creator_id, creator, modifier_id, modifier, create_time, update_time, is_deleted, delete_time) VALUES (135, 36, 'dbms23ax/X0f4BxT0/', 1, 1, '数据库实例', 'instances', 1693040706, '{\"component\":\"ops/db/InstanceList\",\"icon\":\"Coin\",\"isKeepAlive\":true,\"routeName\":\"InstanceList\"}', 1, 'admin', 1, 'admin', '2023-08-26 09:05:07', '2023-08-29 22:35:11', 0, NULL);
INSERT INTO t_sys_resource (id, pid, ui_path, `type`, status, name, code, weight, meta, creator_id, creator, modifier_id, modifier, create_time, update_time, is_deleted, delete_time) VALUES (136, 135, 'dbms23ax/X0f4BxT0/D23fUiBr/', 2, 1, '实例保存', 'db:instance:save', 1693041001, 'null', 1, 'admin', 1, 'admin', '2023-08-26 09:10:02', '2023-08-26 09:10:02', 0, NULL);
INSERT INTO t_sys_resource (id, pid, ui_path, `type`, status, name, code, weight, meta, creator_id, creator, modifier_id, modifier, create_time, update_time, is_deleted, delete_time) VALUES (137, 135, 'dbms23ax/X0f4BxT0/mJlBeTCs/', 2, 1, '基本权限', 'db:instance', 1693041055, 'null', 1, 'admin', 1, 'admin', '2023-08-26 09:10:55', '2023-08-26 09:10:55', 0, NULL);
INSERT INTO t_sys_resource (id, pid, ui_path, `type`, status, name, code, weight, meta, creator_id, creator, modifier_id, modifier, create_time, update_time, is_deleted, delete_time) VALUES (138, 135, 'dbms23ax/X0f4BxT0/Sgg8uPwz/', 2, 1, '实例删除', 'db:instance:del', 1693041084, 'null', 1, 'admin', 1, 'admin', '2023-08-26 09:11:24', '2023-08-26 09:11:24', 0, NULL);
COMMIT;

-- ----------------------------
-- Table structure for t_sys_role
-- ----------------------------
DROP TABLE IF EXISTS `t_sys_role`;
CREATE TABLE `t_sys_role` (
  `id` bigint(20) unsigned NOT NULL AUTO_INCREMENT,
  `name` varchar(16) NOT NULL,
  `code` varchar(64) NOT NULL COMMENT '角色code',
  `status` tinyint(255) DEFAULT NULL,
  `remark` varchar(255) DEFAULT NULL,
  `type` tinyint(2) NOT NULL COMMENT '类型：1:公共角色；2:特殊角色',
  `create_time` datetime DEFAULT NULL,
  `creator_id` bigint(20) DEFAULT NULL,
  `creator` varchar(16) DEFAULT NULL,
  `update_time` datetime DEFAULT NULL,
  `modifier_id` bigint(20) DEFAULT NULL,
  `modifier` varchar(16) DEFAULT NULL,
  `is_deleted` tinyint(8) NOT NULL DEFAULT 0,
  `delete_time` datetime DEFAULT NULL,
  PRIMARY KEY (`id`)
) ENGINE=InnoDB AUTO_INCREMENT=9 DEFAULT CHARSET=utf8mb4 COLLATE=utf8mb4_bin COMMENT='角色表';

-- ----------------------------
-- Records of t_sys_role
-- ----------------------------
BEGIN;
INSERT INTO `t_sys_role` VALUES (7, '公共角色', 'COMMON', 1, '所有账号基础角色', 1, '2021-07-06 15:05:47', 1, 'admin', '2021-07-06 15:05:47', 1, 'admin', 0, NULL);
INSERT INTO `t_sys_role` VALUES (8, '开发', 'DEV', 1, '研发人员', 0, '2021-07-09 10:46:10', 1, 'admin', '2021-07-09 10:46:10', 1, 'admin', 0, NULL);
COMMIT;

-- ----------------------------
-- Table structure for t_sys_role_resource
-- ----------------------------
DROP TABLE IF EXISTS `t_sys_role_resource`;
CREATE TABLE `t_sys_role_resource` (
  `id` bigint(20) NOT NULL AUTO_INCREMENT,
  `role_id` bigint(20) NOT NULL,
  `resource_id` bigint(20) NOT NULL,
  `creator_id` bigint(20) unsigned DEFAULT NULL,
  `creator` varchar(45) DEFAULT NULL,
  `create_time` datetime DEFAULT NULL,
  `is_deleted` tinyint(8) NOT NULL DEFAULT 0,
  `delete_time` datetime DEFAULT NULL,
  PRIMARY KEY (`id`)
) ENGINE=InnoDB AUTO_INCREMENT=526 DEFAULT CHARSET=utf8mb4 COLLATE=utf8mb4_bin COMMENT='角色资源关联表';

-- ----------------------------
-- Records of t_sys_role_resource
-- ----------------------------
BEGIN;
INSERT INTO `t_sys_role_resource` (role_id,resource_id,creator_id,creator,create_time,is_deleted,delete_time) VALUES
	 (7,1,1,'admin','2021-07-06 15:07:09', 0, NULL),
	 (8,57,1,'admin','2021-07-09 10:49:46', 0, NULL),
	 (8,12,1,'admin','2021-07-09 10:49:46', 0, NULL),
	 (8,15,1,'admin','2021-07-09 10:49:46', 0, NULL),
	 (8,38,1,'admin','2021-07-09 10:49:46', 0, NULL),
	 (8,2,1,'admin','2021-07-09 10:49:46', 0, NULL),
	 (8,3,1,'admin','2021-07-09 10:49:46', 0, NULL),
	 (8,36,1,'admin','2021-07-09 10:49:46', 0, NULL),
	 (8,59,1,'admin','2021-07-09 10:50:32', 0, NULL),
	 (7,39,1,'admin','2021-09-09 10:10:30', 0, NULL),
	 (8,42,1,'admin','2021-11-05 15:59:16', 0, NULL),
	 (8,43,1,'admin','2021-11-05 15:59:16', 0, NULL),
	 (8,47,1,'admin','2021-11-05 15:59:16', 0, NULL),
	 (8,60,1,'admin','2021-11-05 15:59:16', 0, NULL),
	 (8,61,1,'admin','2021-11-05 15:59:16', 0, NULL),
	 (8,62,1,'admin','2021-11-05 15:59:16', 0, NULL),
	 (8,80,1,'admin','2022-10-08 10:54:34', 0, NULL),
	 (8,81,1,'admin','2022-10-08 10:54:34', 0, NULL),
	 (8,79,1,'admin','2022-10-08 10:54:34', 0, NULL);
COMMIT;

-- ----------------------------
-- Table structure for t_tag_tree
-- ----------------------------
DROP TABLE IF EXISTS `t_tag_tree`;
CREATE TABLE `t_tag_tree` (
  `id` bigint(20) unsigned NOT NULL AUTO_INCREMENT,
  `pid` bigint(20) NOT NULL DEFAULT '0',
  `code` varchar(36) NOT NULL COMMENT '标识符',
  `code_path` varchar(255) NOT NULL COMMENT '标识符路径',
  `name` varchar(36) DEFAULT NULL COMMENT '名称',
  `remark` varchar(255) DEFAULT NULL,
  `create_time` datetime NOT NULL,
  `creator_id` bigint(20) NOT NULL,
  `creator` varchar(36) NOT NULL,
  `update_time` datetime NOT NULL,
  `modifier_id` bigint(20) NOT NULL,
  `modifier` varchar(36) NOT NULL,
  `is_deleted` tinyint(8) NOT NULL DEFAULT 0,
  `delete_time` datetime DEFAULT NULL,
  PRIMARY KEY (`id`),
  KEY `idx_code_path` (`code_path`(100)) USING BTREE
) ENGINE=InnoDB AUTO_INCREMENT=34 DEFAULT CHARSET=utf8mb4 COLLATE=utf8mb4_bin COMMENT='标签树';

-- ----------------------------
-- Records of t_tag_tree
-- ----------------------------
BEGIN;
INSERT INTO `t_tag_tree` VALUES (33, 0, 'default', 'default/', '默认', '默认标签', '2022-10-26 20:04:19', 1, 'admin', '2022-10-26 20:04:19', 1, 'admin', 0, NULL);
COMMIT;

-- ----------------------------
-- Table structure for t_tag_tree_team
-- ----------------------------
DROP TABLE IF EXISTS `t_tag_tree_team`;
CREATE TABLE `t_tag_tree_team` (
  `id` bigint(20) unsigned NOT NULL AUTO_INCREMENT,
  `tag_id` bigint(20) NOT NULL COMMENT '项目树id',
  `tag_path` varchar(255) DEFAULT NULL,
  `team_id` bigint(20) NOT NULL COMMENT '团队id',
  `create_time` datetime NOT NULL,
  `creator_id` bigint(20) NOT NULL,
  `creator` varchar(36) NOT NULL,
  `update_time` datetime NOT NULL,
  `modifier_id` bigint(20) NOT NULL,
  `modifier` varchar(36) NOT NULL,
  `is_deleted` tinyint(8) NOT NULL DEFAULT 0,
  `delete_time` datetime DEFAULT NULL,
  PRIMARY KEY (`id`),
  KEY `idx_tag_id` (`tag_id`) USING BTREE
) ENGINE=InnoDB AUTO_INCREMENT=32 DEFAULT CHARSET=utf8mb4 COLLATE=utf8mb4_bin COMMENT='标签树团队关联信息';

-- ----------------------------
-- Records of t_tag_tree_team
-- ----------------------------
BEGIN;
INSERT INTO `t_tag_tree_team` VALUES (31, 33, 'default/', 3, '2022-10-26 20:04:45', 1, 'admin', '2022-10-26 20:04:45', 1, 'admin', 0, NULL);
COMMIT;

-- ----------------------------
-- Table structure for t_team
-- ----------------------------
DROP TABLE IF EXISTS `t_team`;
CREATE TABLE `t_team` (
  `id` bigint(20) unsigned NOT NULL AUTO_INCREMENT,
  `name` varchar(36) NOT NULL COMMENT '名称',
  `remark` varchar(255) DEFAULT NULL COMMENT '备注',
  `create_time` datetime NOT NULL,
  `creator_id` bigint(20) NOT NULL,
  `creator` varchar(36) DEFAULT NULL,
  `update_time` datetime DEFAULT NULL,
  `modifier_id` bigint(20) DEFAULT NULL,
  `modifier` varchar(36) DEFAULT NULL,
  `is_deleted` tinyint(8) NOT NULL DEFAULT 0,
  `delete_time` datetime DEFAULT NULL,
  PRIMARY KEY (`id`)
) ENGINE=InnoDB AUTO_INCREMENT=4 DEFAULT CHARSET=utf8mb4 COLLATE=utf8mb4_bin COMMENT='团队信息';

-- ----------------------------
-- Records of t_team
-- ----------------------------
BEGIN;
INSERT INTO `t_team` VALUES (3, '默认团队', '默认团队', '2022-10-26 20:04:36', 1, 'admin', '2022-10-26 20:04:36', 1, 'admin', 0, NULL);
COMMIT;

-- ----------------------------
-- Table structure for t_team_member
-- ----------------------------
DROP TABLE IF EXISTS `t_team_member`;
CREATE TABLE `t_team_member` (
  `id` bigint(20) NOT NULL AUTO_INCREMENT,
  `team_id` bigint(20) NOT NULL COMMENT '项目团队id',
  `account_id` bigint(20) NOT NULL COMMENT '成员id',
  `username` varchar(36) NOT NULL,
  `create_time` datetime NOT NULL,
  `creator_id` bigint(20) NOT NULL,
  `creator` varchar(36) NOT NULL,
  `update_time` datetime NOT NULL,
  `modifier_id` bigint(20) NOT NULL,
  `modifier` varchar(36) NOT NULL,
  `is_deleted` tinyint(8) NOT NULL DEFAULT 0,
  `delete_time` datetime DEFAULT NULL,
  PRIMARY KEY (`id`)
) ENGINE=InnoDB AUTO_INCREMENT=8 DEFAULT CHARSET=utf8mb4 COLLATE=utf8mb4_bin COMMENT='团队成员表';

-- ----------------------------
-- Records of t_team_member
-- ----------------------------
BEGIN;
INSERT INTO `t_team_member` VALUES (7, 3, 1, 'admin', '2022-10-26 20:04:36', 1, 'admin', '2022-10-26 20:04:36', 1, 'admin', 0, NULL);
COMMIT;

SET FOREIGN_KEY_CHECKS = 1;